,Time,Temperature (c),Salinity (ppt),ODO mg/L,temp_z-score,salinity_z-score,odo_z-score,Date
18,17:55.4,29.70000076,47.53,5.82,2.730097654680238,2.2146076408928628,-0.001744529019874137,2024-11-16
19,17:56.4,29.70000076,47.43,5.81,2.730097654680238,2.175319867674329,-0.03134700582587975,2024-11-16
20,17:57.4,29.60000038,47.63,5.79,2.450496074290459,2.2538954141113963,-0.09055195943788572,2024-11-16
21,17:58.4,29.60000038,47.63,5.79,2.450496074290459,2.2538954141113963,-0.09055195943788572,2024-11-16
22,17:59.4,29.60000038,47.5,5.78,2.450496074290459,2.202821308927302,-0.12015443624388869,2024-11-16
23,18:00.4,29.60000038,47.7,5.75,2.450496074290459,2.2813968553643695,-0.20896186666190028,2024-11-16
24,18:01.4,29.60000038,47.7,5.75,2.450496074290459,2.2813968553643695,-0.20896186666190028,2024-11-16
25,18:02.4,29.5,47.27,5.77,2.1708944939006805,2.1124594305246776,-0.1497569130498943,2024-11-16
26,18:03.4,29.5,47.12,5.79,2.1708944939006805,2.053527770696876,-0.09055195943788572,2024-11-16
27,18:04.4,29.5,47.12,5.79,2.1708944939006805,2.053527770696876,-0.09055195943788572,2024-11-16
28,18:05.4,29.5,47.24,5.79,2.1708944939006805,2.1006730985591173,-0.09055195943788572,2024-11-16
29,18:06.4,29.39999962,47.17,5.78,1.8912929135109016,2.073171657306144,-0.12015443624388869,2024-11-16
30,18:07.4,29.39999962,47.17,5.78,1.8912929135109016,2.073171657306144,-0.12015443624388869,2024-11-16
31,18:08.4,29.39999962,46.9,5.79,1.8912929135109016,1.9670946696161036,-0.09055195943788572,2024-11-16
32,18:09.4,29.39999962,46.9,5.79,1.8912929135109016,1.9670946696161036,-0.09055195943788572,2024-11-16
33,18:10.4,29.39999962,46.51,5.81,1.8912929135109016,1.8138723540638246,-0.03134700582587975,2024-11-16
34,18:11.4,29.29999924,46.92,5.81,1.6116913331211227,1.9749522242598114,-0.03134700582587975,2024-11-16
35,18:12.4,29.29999924,46.92,5.81,1.6116913331211227,1.9749522242598114,-0.03134700582587975,2024-11-16
36,18:13.4,29.29999924,46.85,5.82,1.6116913331211227,1.9474507830068382,-0.001744529019874137,2024-11-16
37,18:14.4,29.29999924,46.87,5.82,1.6116913331211227,1.9553083376505433,-0.001744529019874137,2024-11-16
38,18:15.4,29.29999924,46.87,5.82,1.6116913331211227,1.9553083376505433,-0.001744529019874137,2024-11-16
39,18:16.4,29.29999924,46.76,5.82,1.6116913331211227,1.912091787110157,-0.001744529019874137,2024-11-16
40,18:17.4,29.29999924,46.09,5.83,1.6116913331211227,1.6488637065459881,0.027857947786128844,2024-11-16
41,18:18.4,29.29999924,46.09,5.83,1.6116913331211227,1.6488637065459881,0.027857947786128844,2024-11-16
42,18:19.4,29.29999924,46.24,5.83,1.6116913331211227,1.707795366373787,0.027857947786128844,2024-11-16
43,18:20.4,29.20000076,46.19,5.82,1.3320950651411965,1.6881514797645187,-0.001744529019874137,2024-11-16
44,18:21.4,29.20000076,46.41,5.81,1.3320950651411965,1.7745845808452911,-0.03134700582587975,2024-11-16
45,18:22.4,29.20000076,46.41,5.81,1.3320950651411965,1.7745845808452911,-0.03134700582587975,2024-11-16
46,18:23.4,29.20000076,46.36,5.81,1.3320950651411965,1.7549406942360257,-0.03134700582587975,2024-11-16
47,18:24.4,29.20000076,46.26,5.81,1.3320950651411965,1.715652921017492,-0.03134700582587975,2024-11-16
48,18:25.4,29.20000076,46.26,5.81,1.3320950651411965,1.715652921017492,-0.03134700582587975,2024-11-16
49,18:26.4,29.20000076,46.24,5.81,1.3320950651411965,1.707795366373787,-0.03134700582587975,2024-11-16
50,18:27.4,29.20000076,46.41,5.8,1.3320950651411965,1.7745845808452911,-0.06094948263188273,2024-11-16
51,18:28.4,29.20000076,46.41,5.8,1.3320950651411965,1.7745845808452911,-0.06094948263188273,2024-11-16
52,18:29.4,29.20000076,46.16,5.81,1.3320950651411965,1.6763651477989585,-0.03134700582587975,2024-11-16
53,18:30.4,29.10000038,46.24,5.8,1.0524934847514178,1.707795366373787,-0.06094948263188273,2024-11-16
54,18:31.4,29.10000038,46.24,5.8,1.0524934847514178,1.707795366373787,-0.06094948263188273,2024-11-16
55,18:32.4,29.10000038,46.0,5.81,1.0524934847514178,1.613504710649307,-0.03134700582587975,2024-11-16
56,18:33.4,29.10000038,45.85,5.83,1.0524934847514178,1.554573050821508,0.027857947786128844,2024-11-16
57,18:34.4,29.10000038,45.85,5.83,1.0524934847514178,1.554573050821508,0.027857947786128844,2024-11-16
58,18:35.5,29.10000038,45.83,5.82,1.0524934847514178,1.5467154961778002,-0.001744529019874137,2024-11-16
59,18:36.5,29.10000038,45.83,5.82,1.0524934847514178,1.5467154961778002,-0.001744529019874137,2024-11-16
60,18:37.5,29.10000038,45.83,5.82,1.0524934847514178,1.5467154961778002,-0.001744529019874137,2024-11-16
61,18:38.5,29.10000038,45.82,5.82,1.0524934847514178,1.5427867188559476,-0.001744529019874137,2024-11-16
62,18:39.5,29.10000038,45.7,5.84,1.0524934847514178,1.495641390993709,0.057460424592131826,2024-11-16
63,18:40.6,29.10000038,45.7,5.84,1.0524934847514178,1.495641390993709,0.057460424592131826,2024-11-16
64,18:41.6,29.10000038,45.62,5.83,1.0524934847514178,1.4642111724188804,0.027857947786128844,2024-11-16
65,18:42.5,29.10000038,45.56,5.84,1.0524934847514178,1.4406385084877626,0.057460424592131826,2024-11-16
66,18:43.6,29.10000038,45.45,5.85,1.0524934847514178,1.3974219579473766,0.08706290139813481,2024-11-16
67,18:44.6,29.10000038,45.32,5.88,1.0524934847514178,1.3463478527632826,0.1758703318161464,2024-11-16
68,18:45.6,29.0,45.33,5.9,0.772891904361639,1.3502766300851352,0.23507528542815498,2024-11-16
69,18:46.6,29.0,45.33,5.9,0.772891904361639,1.3502766300851352,0.23507528542815498,2024-11-16
70,18:47.6,29.0,45.25,5.88,0.772891904361639,1.3188464115103093,0.1758703318161464,2024-11-16
71,18:48.6,29.0,44.87,5.89,0.772891904361639,1.169552873279883,0.20547280862214937,2024-11-16
72,18:49.6,29.0,44.87,5.89,0.772891904361639,1.169552873279883,0.20547280862214937,2024-11-16
73,18:50.6,29.0,44.89,5.89,0.772891904361639,1.1774104279235906,0.20547280862214937,2024-11-16
74,18:51.6,29.0,45.26,5.87,0.772891904361639,1.322775188832162,0.1462678550101434,2024-11-16
75,18:52.6,29.0,45.26,5.87,0.772891904361639,1.322775188832162,0.1462678550101434,2024-11-16
76,18:53.6,29.0,45.07,5.87,0.772891904361639,1.24812841971695,0.1462678550101434,2024-11-16
77,18:54.6,29.0,45.0,5.89,0.772891904361639,1.2206269784639767,0.20547280862214937,2024-11-16
78,18:55.6,29.0,44.93,5.89,0.772891904361639,1.1931255372110037,0.20547280862214937,2024-11-16
79,18:56.6,29.0,44.64,5.9,0.772891904361639,1.0791909948772582,0.23507528542815498,2024-11-16
80,18:57.6,29.0,44.64,5.9,0.772891904361639,1.0791909948772582,0.23507528542815498,2024-11-16
81,18:58.6,29.0,44.8,5.88,0.772891904361639,1.1420514320269097,0.1758703318161464,2024-11-16
82,18:59.6,29.0,45.03,5.87,0.772891904361639,1.2324133104295372,0.1462678550101434,2024-11-16
83,19:00.6,29.0,45.03,5.87,0.772891904361639,1.2324133104295372,0.1462678550101434,2024-11-16
84,19:01.6,29.0,44.83,5.88,0.772891904361639,1.15383776399247,0.1758703318161464,2024-11-16
85,19:02.6,29.0,44.68,5.87,0.772891904361639,1.094906104164671,0.1462678550101434,2024-11-16
86,19:03.6,28.89999962,44.38,5.89,0.49329032397186023,0.9770427845090731,0.20547280862214937,2024-11-16
87,19:04.6,28.89999962,44.38,5.89,0.49329032397186023,0.9770427845090731,0.20547280862214937,2024-11-16
88,19:05.6,28.89999962,44.71,5.89,0.49329032397186023,1.1066924361302315,0.20547280862214937,2024-11-16
89,19:06.6,28.89999962,44.68,5.91,0.49329032397186023,1.094906104164671,0.26467776223415795,2024-11-16
90,19:07.6,28.89999962,44.68,5.91,0.49329032397186023,1.094906104164671,0.26467776223415795,2024-11-16
91,19:08.6,28.89999962,44.65,5.92,0.49329032397186023,1.0831197721991106,0.29428023904016093,2024-11-16
92,19:09.6,28.89999962,44.42,5.93,0.49329032397186023,0.992757893796486,0.3238827158461639,2024-11-16
93,19:10.6,28.89999962,44.67,5.93,0.49329032397186023,1.0909773268428185,0.3238827158461639,2024-11-16
94,19:11.6,28.89999962,44.67,5.93,0.49329032397186023,1.0909773268428185,0.3238827158461639,2024-11-16
95,19:12.6,28.89999962,44.58,5.92,0.49329032397186023,1.0556183309461376,0.29428023904016093,2024-11-16
96,19:13.6,28.89999962,44.05,5.95,0.49329032397186023,0.8473931328879121,0.3830876694581725,2024-11-16
97,19:14.6,28.89999962,44.05,5.95,0.49329032397186023,0.8473931328879121,0.3830876694581725,2024-11-16
98,19:15.6,28.89999962,44.65,5.94,0.49329032397186023,1.0831197721991106,0.35348519265216954,2024-11-16
99,19:16.6,28.89999962,44.43,5.94,0.49329032397186023,0.9966866711183385,0.35348519265216954,2024-11-16
100,19:17.6,28.89999962,44.02,5.97,0.49329032397186023,0.8356068009223545,0.44229262307017847,2024-11-16
101,19:18.6,28.89999962,44.02,5.97,0.49329032397186023,0.8356068009223545,0.44229262307017847,2024-11-16
102,19:19.6,28.89999962,44.3,5.96,0.49329032397186023,0.9456125659342446,0.4126901462641755,2024-11-16
103,19:20.6,28.89999962,44.3,5.96,0.49329032397186023,0.9456125659342446,0.4126901462641755,2024-11-16
104,19:21.6,28.89999962,44.33,5.96,0.49329032397186023,0.9573988978998049,0.4126901462641755,2024-11-16
105,19:22.6,28.89999962,44.4,5.95,0.49329032397186023,0.9849003391527782,0.3830876694581725,2024-11-16
106,19:23.6,28.89999962,44.4,5.95,0.49329032397186023,0.9849003391527782,0.3830876694581725,2024-11-16
107,19:24.6,28.89999962,44.35,5.94,0.49329032397186023,0.9652564525435128,0.35348519265216954,2024-11-16
108,19:25.6,28.89999962,43.79,5.96,0.49329032397186023,0.745244922519727,0.4126901462641755,2024-11-16
109,19:26.6,28.89999962,43.79,5.96,0.49329032397186023,0.745244922519727,0.4126901462641755,2024-11-16
110,19:27.6,28.89999962,44.4,5.94,0.49329032397186023,0.9849003391527782,0.35348519265216954,2024-11-16
111,19:28.6,28.89999962,44.09,5.95,0.49329032397186023,0.8631082421753277,0.3830876694581725,2024-11-16
112,19:29.6,28.89999962,44.09,5.95,0.49329032397186023,0.8631082421753277,0.3830876694581725,2024-11-16
113,19:30.6,28.89999962,43.91,5.94,0.49329032397186023,0.7923902503819656,0.35348519265216954,2024-11-16
114,19:31.6,28.89999962,44.02,5.94,0.49329032397186023,0.8356068009223545,0.35348519265216954,2024-11-16
115,19:32.6,28.89999962,44.02,5.94,0.49329032397186023,0.8356068009223545,0.35348519265216954,2024-11-16
116,19:33.6,28.89999962,43.83,5.97,0.49329032397186023,0.7609600318071399,0.44229262307017847,2024-11-16
117,19:34.7,28.79999924,43.94,5.98,0.21368874358208145,0.804176582347526,0.4718950998761841,2024-11-16
118,19:35.7,28.79999924,43.94,5.98,0.21368874358208145,0.804176582347526,0.4718950998761841,2024-11-16
119,19:36.7,28.79999924,43.79,5.97,0.21368874358208145,0.745244922519727,0.44229262307017847,2024-11-16
120,19:37.7,28.79999924,43.87,5.95,0.21368874358208145,0.7766751410945527,0.3830876694581725,2024-11-16
121,19:38.7,28.79999924,43.87,5.95,0.21368874358208145,0.7766751410945527,0.3830876694581725,2024-11-16
122,19:39.7,28.79999924,43.87,5.95,0.21368874358208145,0.7766751410945527,0.3830876694581725,2024-11-16
123,19:40.7,28.79999924,44.11,5.93,0.21368874358208145,0.8709657968190327,0.3238827158461639,2024-11-16
124,19:41.7,28.79999924,43.56,5.94,0.21368874358208145,0.6548830441171023,0.35348519265216954,2024-11-16
125,19:42.8,28.79999924,43.56,5.94,0.21368874358208145,0.6548830441171023,0.35348519265216954,2024-11-16
126,19:43.8,28.79999924,44.06,5.93,0.21368874358208145,0.8513219102097673,0.3238827158461639,2024-11-16
127,19:44.8,28.79999924,43.52,5.94,0.21368874358208145,0.6391679348296894,0.35348519265216954,2024-11-16
128,19:45.8,28.79999924,43.52,5.94,0.21368874358208145,0.6391679348296894,0.35348519265216954,2024-11-16
129,19:46.8,28.79999924,43.87,5.92,0.21368874358208145,0.7766751410945527,0.29428023904016093,2024-11-16
130,19:47.8,28.79999924,43.56,5.95,0.21368874358208145,0.6548830441171023,0.3830876694581725,2024-11-16
131,19:48.8,28.79999924,43.56,5.95,0.21368874358208145,0.6548830441171023,0.3830876694581725,2024-11-16
132,19:49.8,28.79999924,43.68,5.94,0.21368874358208145,0.7020283719793409,0.35348519265216954,2024-11-16
133,19:50.8,28.79999924,43.7,5.92,0.21368874358208145,0.7098859266230487,0.29428023904016093,2024-11-16
134,19:51.8,28.79999924,43.7,5.92,0.21368874358208145,0.7098859266230487,0.29428023904016093,2024-11-16
135,19:52.8,28.79999924,43.58,5.94,0.21368874358208145,0.6627405987608073,0.35348519265216954,2024-11-16
136,19:53.8,28.79999924,43.5,5.94,0.21368874358208145,0.6313103801859816,0.35348519265216954,2024-11-16
137,19:54.8,28.79999924,43.5,5.94,0.21368874358208145,0.6313103801859816,0.35348519265216954,2024-11-16
138,19:55.8,28.79999924,43.31,5.94,0.21368874358208145,0.5566636110707698,0.35348519265216954,2024-11-16
139,19:56.8,28.79999924,43.52,5.93,0.21368874358208145,0.6391679348296894,0.3238827158461639,2024-11-16
140,19:57.8,28.79999924,43.44,5.94,0.21368874358208145,0.6077377162548608,0.35348519265216954,2024-11-16
141,19:58.8,28.79999924,43.38,5.95,0.21368874358208145,0.5841650523237429,0.3830876694581725,2024-11-16
142,19:59.9,28.79999924,43.38,5.95,0.21368874358208145,0.5841650523237429,0.3830876694581725,2024-11-16
143,20:00.9,28.79999924,43.36,5.94,0.21368874358208145,0.5763074976800351,0.35348519265216954,2024-11-16
144,20:01.9,28.79999924,43.19,5.95,0.21368874358208145,0.5095182832085283,0.3830876694581725,2024-11-16
145,20:02.9,28.79999924,43.35,5.96,0.21368874358208145,0.5723787203581826,0.4126901462641755,2024-11-16
146,20:03.9,28.79999924,43.13,5.96,0.21368874358208145,0.4859456192774104,0.4126901462641755,2024-11-16
147,20:04.9,28.79999924,43.29,5.95,0.21368874358208145,0.5488060564270619,0.3830876694581725,2024-11-16
148,20:05.9,28.79999924,43.05,5.95,0.21368874358208145,0.4545154007025819,0.3830876694581725,2024-11-16
149,20:06.9,28.79999924,43.24,5.95,0.21368874358208145,0.5291621698177965,0.3830876694581725,2024-11-16
150,20:07.9,28.79999924,43.02,5.97,0.21368874358208145,0.44272906873702433,0.44229262307017847,2024-11-16
151,20:08.9,28.79999924,43.13,5.97,0.21368874358208145,0.4859456192774104,0.44229262307017847,2024-11-16
152,20:09.9,28.79999924,42.92,5.98,0.21368874358208145,0.40344129551849073,0.4718950998761841,2024-11-16
153,20:10.9,28.79999924,43.12,5.97,0.21368874358208145,0.4820168419555551,0.44229262307017847,2024-11-16
154,20:11.9,28.79999924,42.91,5.98,0.21368874358208145,0.3995125181966354,0.4718950998761841,2024-11-16
155,20:12.9,28.79999924,43.11,5.97,0.21368874358208145,0.47808806463370257,0.44229262307017847,2024-11-16
156,20:13.9,28.79999924,43.07,5.97,0.21368874358208145,0.4623729553462897,0.44229262307017847,2024-11-16
157,20:14.9,28.79999924,43.07,5.97,0.21368874358208145,0.4623729553462897,0.44229262307017847,2024-11-16
158,20:15.9,28.79999924,43.13,5.97,0.21368874358208145,0.4859456192774104,0.44229262307017847,2024-11-16
159,20:16.9,28.79999924,42.94,5.98,0.21368874358208145,0.4112988501621958,0.4718950998761841,2024-11-16
160,20:17.9,28.79999924,43.01,5.96,0.21368874358208145,0.438800291415169,0.4126901462641755,2024-11-16
161,20:18.9,28.79999924,42.79,5.98,0.21368874358208145,0.35236719033439684,0.4718950998761841,2024-11-16
162,20:19.9,28.70000076,42.95,5.96,-0.06590752439784467,0.41522762748405107,0.4126901462641755,2024-11-16
163,20:20.9,28.79999924,42.76,5.98,0.21368874358208145,0.34058085836883645,0.4718950998761841,2024-11-16
164,20:21.9,28.70000076,42.95,5.97,-0.06590752439784467,0.41522762748405107,0.44229262307017847,2024-11-16
165,20:22.9,28.70000076,43.22,5.94,-0.06590752439784467,0.5213046151740887,0.35348519265216954,2024-11-16
166,20:23.9,28.70000076,42.8,5.95,-0.06590752439784467,0.3562959676562493,0.3830876694581725,2024-11-16
167,20:24.9,28.70000076,42.91,5.94,-0.06590752439784467,0.3995125181966354,0.35348519265216954,2024-11-16
168,20:25.9,28.70000076,42.65,5.94,-0.06590752439784467,0.29736430782845036,0.35348519265216954,2024-11-16
169,20:26.9,28.70000076,42.84,5.93,-0.06590752439784467,0.372011076943665,0.3238827158461639,2024-11-16
170,20:27.9,28.70000076,42.92,5.93,-0.06590752439784467,0.40344129551849073,0.3238827158461639,2024-11-16
171,20:28.9,28.70000076,42.71,5.95,-0.06590752439784467,0.3209369717595711,0.3830876694581725,2024-11-16
172,20:29.9,28.70000076,42.81,5.92,-0.06590752439784467,0.36022474497810464,0.29428023904016093,2024-11-16
173,20:30.9,28.70000076,42.62,5.91,-0.06590752439784467,0.28557797586289,0.26467776223415795,2024-11-16
174,20:31.9,28.70000076,42.78,5.91,-0.06590752439784467,0.3484384130125443,0.26467776223415795,2024-11-16
175,20:32.9,28.70000076,42.81,5.92,-0.06590752439784467,0.36022474497810464,0.29428023904016093,2024-11-16
176,20:33.9,28.70000076,42.6,5.94,-0.06590752439784467,0.277720421219185,0.35348519265216954,2024-11-16
177,20:34.9,28.70000076,42.74,5.95,-0.06590752439784467,0.3327233037251314,0.3830876694581725,2024-11-16
178,20:35.9,28.70000076,42.69,5.93,-0.06590752439784467,0.31307941711586323,0.3238827158461639,2024-11-16
179,20:36.9,28.70000076,42.4,5.95,-0.06590752439784467,0.19914487478211781,0.3830876694581725,2024-11-16
180,20:38.0,28.70000076,42.27,5.94,-0.06590752439784467,0.14807076959802667,0.35348519265216954,2024-11-16
181,20:39.0,28.70000076,42.13,5.96,-0.06590752439784467,0.09306788709208023,0.4126901462641755,2024-11-16
182,20:40.0,28.70000076,41.68,5.95,-0.06590752439784467,-0.08372709239131945,0.3830876694581725,2024-11-16
183,20:41.0,28.70000076,42.01,5.93,-0.06590752439784467,0.04592255922983884,0.3238827158461639,2024-11-16
184,20:42.0,28.70000076,42.1,5.92,-0.06590752439784467,0.08128155512651988,0.29428023904016093,2024-11-16
185,20:43.0,28.70000076,42.06,5.92,-0.06590752439784467,0.06556644583910702,0.29428023904016093,2024-11-16
186,20:44.0,28.70000076,42.25,5.9,-0.06590752439784467,0.14021321495431885,0.23507528542815498,2024-11-16
187,20:45.0,28.70000076,42.29,5.84,-0.06590752439784467,0.15592832424173173,0.057460424592131826,2024-11-16
188,20:46.1,28.70000076,41.7,5.84,-0.06590752439784467,-0.07586953774761163,0.057460424592131826,2024-11-16
189,20:47.0,28.70000076,41.28,5.83,-0.06590752439784467,-0.24087818526545096,0.027857947786128844,2024-11-16
190,20:48.1,28.70000076,40.98,5.82,-0.06590752439784467,-0.35874150492105167,-0.001744529019874137,2024-11-16
191,20:49.1,28.70000076,40.84,5.81,-0.06590752439784467,-0.4137443874269953,-0.03134700582587975,2024-11-16
192,20:50.1,28.70000076,40.62,5.78,-0.06590752439784467,-0.5001774885077703,-0.12015443624388869,2024-11-16
193,20:51.1,28.70000076,40.81,5.72,-0.06590752439784467,-0.4255307193925557,-0.29776929707991184,2024-11-16
194,20:52.1,28.70000076,41.44,5.66,-0.06590752439784467,-0.17801774811579948,-0.47538415791593236,2024-11-16
195,20:53.1,28.70000076,40.74,5.66,-0.06590752439784467,-0.4530321606455289,-0.47538415791593236,2024-11-16
196,20:54.1,28.70000076,40.7,5.66,-0.06590752439784467,-0.4687472699329418,-0.47538415791593236,2024-11-16
197,20:55.1,28.70000076,40.78,5.62,-0.06590752439784467,-0.43731705135811605,-0.5937940651399469,2024-11-16
198,20:56.1,28.70000076,40.54,5.6,-0.06590752439784467,-0.5316077070825961,-0.6529990187519555,2024-11-16
199,20:57.1,28.70000076,40.78,5.53,-0.06590752439784467,-0.43731705135811605,-0.860216356393979,2024-11-16
200,20:58.1,28.70000076,40.76,5.5,-0.06590752439784467,-0.4451746060018239,-0.9490237868119906,2024-11-16
201,20:59.1,28.70000076,40.93,5.46,-0.06590752439784467,-0.3783853915303171,-1.0674336940360052,2024-11-16
202,21:00.1,28.70000076,40.99,5.4,-0.06590752439784467,-0.35481272759919635,-1.2450485548720256,2024-11-16
203,21:01.1,28.70000076,40.84,5.36,-0.06590752439784467,-0.4137443874269953,-1.3634584620960402,2024-11-16
204,21:02.1,28.70000076,41.05,5.3,-0.06590752439784467,-0.33124006366807845,-1.5410733229320634,2024-11-16
205,21:03.1,28.70000076,41.08,5.25,-0.06590752439784467,-0.3194537317025181,-1.6890857069620808,2024-11-16
206,21:04.1,28.70000076,41.19,5.19,-0.06590752439784467,-0.27623718116213203,-1.8667005677981015,2024-11-16
207,21:05.1,28.70000076,41.25,5.13,-0.06590752439784467,-0.2526645172310113,-2.0443154286341247,2024-11-16
208,21:06.1,28.70000076,41.89,5.07,-0.06590752439784467,-0.0012227686323997818,-2.221930289470145,2024-11-16
209,21:07.1,28.70000076,42.45,5.02,-0.06590752439784467,0.218788761391386,-2.3699426735001654,2024-11-16
210,21:08.1,28.70000076,42.23,4.99,-0.06590752439784467,0.13235566031061102,-2.4587501039181743,2024-11-16
211,21:09.1,28.70000076,42.19,4.98,-0.06590752439784467,0.11664055102319815,-2.488352580724177,2024-11-16
212,21:10.1,28.70000076,42.31,4.99,-0.06590752439784467,0.16378587888543955,-2.4587501039181743,2024-11-16
213,21:11.1,28.70000076,42.48,4.99,-0.06590752439784467,0.23057509335694357,-2.4587501039181743,2024-11-16
214,21:12.1,28.70000076,42.29,5.01,-0.06590752439784467,0.15592832424173173,-2.399545150306168,2024-11-16
215,21:13.1,28.70000076,42.27,5.03,-0.06590752439784467,0.14807076959802667,-2.3403401966941595,2024-11-16
216,21:14.2,28.70000076,42.29,5.09,-0.06590752439784467,0.15592832424173173,-2.162725335858139,2024-11-16
217,21:15.2,28.70000076,42.09,5.14,-0.06590752439784467,0.07735277780466737,-2.0147129518281215,2024-11-16
218,21:16.2,28.70000076,42.09,5.14,-0.06590752439784467,0.07735277780466737,-2.0147129518281215,2024-11-16
219,21:17.2,28.70000076,42.0,5.18,-0.06590752439784467,0.04199378190798631,-1.896303044604107,2024-11-16
220,21:18.2,28.60000038,42.07,5.25,-0.3455091047876234,0.06949522316095953,-1.6890857069620808,2024-11-16
221,21:19.2,28.60000038,42.07,5.25,-0.3455091047876234,0.06949522316095953,-1.6890857069620808,2024-11-16
222,21:20.2,28.70000076,42.22,5.27,-0.06590752439784467,0.1284268829887585,-1.629880753350075,2024-11-16
223,21:21.2,28.60000038,41.95,5.3,-0.3455091047876234,0.02234989529872092,-1.5410733229320634,2024-11-16
224,21:22.2,28.70000076,42.18,5.33,-0.06590752439784467,0.11271177370134564,-1.4522658925140517,2024-11-16
225,21:23.2,28.60000038,41.97,5.4,-0.3455091047876234,0.03020744994242596,-1.2450485548720256,2024-11-16
226,21:24.2,28.60000038,41.97,5.4,-0.3455091047876234,0.03020744994242596,-1.2450485548720256,2024-11-16
227,21:25.2,28.60000038,42.08,5.41,-0.3455091047876234,0.07342400048281206,-1.2154460780660228,2024-11-16
228,21:26.2,28.60000038,41.83,5.48,-0.3455091047876234,-0.024795432563520486,-1.0082287404239965,2024-11-16
229,21:27.2,28.60000038,41.83,5.48,-0.3455091047876234,-0.024795432563520486,-1.0082287404239965,2024-11-16
230,21:28.3,28.60000038,41.73,5.52,-0.3455091047876234,-0.06408320578205406,-0.8898188331999847,2024-11-16
231,21:29.3,28.60000038,42.09,5.54,-0.3455091047876234,0.07735277780466737,-0.8306138795879761,2024-11-16
232,21:30.3,28.60000038,41.93,5.55,-0.3455091047876234,0.01449234065501309,-0.801011402781973,2024-11-16
233,21:31.3,28.60000038,41.82,5.6,-0.3455091047876234,-0.028724209885373005,-0.6529990187519555,2024-11-16
234,21:32.3,28.60000038,41.82,5.6,-0.3455091047876234,-0.028724209885373005,-0.6529990187519555,2024-11-16
235,21:33.3,28.60000038,41.99,5.61,-0.3455091047876234,0.038065004586133794,-0.6233965419459498,2024-11-16
236,21:34.3,28.60000038,41.92,5.65,-0.3455091047876234,0.01056356333316057,-0.5049866347219354,2024-11-16
237,21:35.3,28.60000038,41.92,5.65,-0.3455091047876234,0.01056356333316057,-0.5049866347219354,2024-11-16
238,21:36.4,28.60000038,41.95,5.67,-0.3455091047876234,0.02234989529872092,-0.4457816811099294,2024-11-16
239,21:37.4,28.60000038,41.97,5.69,-0.3455091047876234,0.03020744994242596,-0.38657672749792077,2024-11-16
240,21:38.4,28.60000038,41.97,5.69,-0.3455091047876234,0.03020744994242596,-0.38657672749792077,2024-11-16
241,21:39.4,28.60000038,41.89,5.7,-0.3455091047876234,-0.0012227686323997818,-0.3569742506919178,2024-11-16
242,21:40.4,28.60000038,42.06,5.71,-0.3455091047876234,0.06556644583910702,-0.3273717738859148,2024-11-16
243,21:41.4,28.60000038,41.7,5.74,-0.3455091047876234,-0.07586953774761163,-0.23856434346790326,2024-11-16
244,21:42.4,28.60000038,41.7,5.74,-0.3455091047876234,-0.07586953774761163,-0.23856434346790326,2024-11-16
245,21:43.4,28.60000038,41.77,5.74,-0.3455091047876234,-0.0483680964946384,-0.23856434346790326,2024-11-16
246,21:44.4,28.60000038,41.82,5.76,-0.3455091047876234,-0.028724209885373005,-0.17935938985589728,2024-11-16
247,21:45.4,28.60000038,41.82,5.76,-0.3455091047876234,-0.028724209885373005,-0.17935938985589728,2024-11-16
248,21:46.5,28.60000038,41.74,5.78,-0.3455091047876234,-0.06015442846019875,-0.12015443624388869,2024-11-16
249,21:47.5,28.60000038,41.88,5.76,-0.3455091047876234,-0.005151545954252302,-0.17935938985589728,2024-11-16
250,21:48.5,28.60000038,41.88,5.76,-0.3455091047876234,-0.005151545954252302,-0.17935938985589728,2024-11-16
251,21:49.5,28.60000038,41.66,5.77,-0.3455091047876234,-0.09158464703502728,-0.1497569130498943,2024-11-16
252,21:50.5,28.60000038,41.73,5.79,-0.3455091047876234,-0.06408320578205406,-0.09055195943788572,2024-11-16
253,21:51.5,28.60000038,41.73,5.79,-0.3455091047876234,-0.06408320578205406,-0.09055195943788572,2024-11-16
254,21:52.5,28.60000038,41.62,5.79,-0.3455091047876234,-0.10729975632244015,-0.09055195943788572,2024-11-16
255,21:53.5,28.60000038,41.83,5.79,-0.3455091047876234,-0.024795432563520486,-0.09055195943788572,2024-11-16
256,21:54.5,28.60000038,41.56,5.8,-0.3455091047876234,-0.13087242025355808,-0.06094948263188273,2024-11-16
257,21:55.5,28.60000038,41.56,5.8,-0.3455091047876234,-0.13087242025355808,-0.06094948263188273,2024-11-16
258,21:56.5,28.60000038,41.71,5.79,-0.3455091047876234,-0.0719407604257591,-0.09055195943788572,2024-11-16
259,21:57.5,28.60000038,41.67,5.81,-0.3455091047876234,-0.08765586971317198,-0.03134700582587975,2024-11-16
260,21:58.6,28.60000038,41.67,5.81,-0.3455091047876234,-0.08765586971317198,-0.03134700582587975,2024-11-16
261,21:59.6,28.60000038,41.54,5.82,-0.3455091047876234,-0.1387299748972659,-0.001744529019874137,2024-11-16
262,22:00.6,28.60000038,41.62,5.82,-0.3455091047876234,-0.10729975632244015,-0.001744529019874137,2024-11-16
263,22:01.6,28.60000038,41.62,5.82,-0.3455091047876234,-0.10729975632244015,-0.001744529019874137,2024-11-16
264,22:02.6,28.60000038,41.49,5.82,-0.3455091047876234,-0.1583738615065313,-0.001744529019874137,2024-11-16
265,22:03.6,28.60000038,41.65,5.82,-0.3455091047876234,-0.0955134243568798,-0.001744529019874137,2024-11-16
266,22:04.6,28.60000038,41.62,5.83,-0.3455091047876234,-0.10729975632244015,0.027857947786128844,2024-11-16
267,22:05.6,28.60000038,41.62,5.83,-0.3455091047876234,-0.10729975632244015,0.027857947786128844,2024-11-16
268,22:06.6,28.60000038,41.61,5.83,-0.3455091047876234,-0.11122853364429268,0.027857947786128844,2024-11-16
269,22:07.6,28.60000038,41.43,5.84,-0.3455091047876234,-0.181946525437652,0.057460424592131826,2024-11-16
270,22:08.6,28.60000038,41.43,5.84,-0.3455091047876234,-0.181946525437652,0.057460424592131826,2024-11-16
271,22:09.6,28.60000038,41.75,5.84,-0.3455091047876234,-0.05622565113834623,0.057460424592131826,2024-11-16
272,22:10.6,28.60000038,41.68,5.86,-0.3455091047876234,-0.08372709239131945,0.11666537820414041,2024-11-16
273,22:11.6,28.60000038,41.68,5.86,-0.3455091047876234,-0.08372709239131945,0.11666537820414041,2024-11-16
274,22:12.6,28.60000038,41.42,5.87,-0.3455091047876234,-0.1858753027595045,0.1462678550101434,2024-11-16
275,22:13.6,28.60000038,41.63,5.87,-0.3455091047876234,-0.10337097900058484,0.1462678550101434,2024-11-16
276,22:14.6,28.60000038,41.34,5.88,-0.3455091047876234,-0.21730552133433026,0.1758703318161464,2024-11-16
277,22:15.6,28.60000038,41.48,5.88,-0.3455091047876234,-0.1623026388283866,0.1758703318161464,2024-11-16
278,22:16.6,28.60000038,41.48,5.88,-0.3455091047876234,-0.1623026388283866,0.1758703318161464,2024-11-16
279,22:17.6,28.60000038,41.5,5.88,-0.3455091047876234,-0.15444508418467878,0.1758703318161464,2024-11-16
280,22:18.6,28.60000038,41.35,5.9,-0.3455091047876234,-0.21337674401247775,0.23507528542815498,2024-11-16
281,22:19.6,28.60000038,41.35,5.9,-0.3455091047876234,-0.21337674401247775,0.23507528542815498,2024-11-16
282,22:20.6,28.60000038,41.38,5.9,-0.3455091047876234,-0.20159041204691738,0.23507528542815498,2024-11-16
283,22:21.6,28.60000038,41.35,5.91,-0.3455091047876234,-0.21337674401247775,0.26467776223415795,2024-11-16
284,22:22.6,28.60000038,41.35,5.91,-0.3455091047876234,-0.21337674401247775,0.26467776223415795,2024-11-16
285,22:23.6,28.60000038,41.48,5.91,-0.3455091047876234,-0.1623026388283866,0.26467776223415795,2024-11-16
286,22:24.6,28.60000038,41.26,5.9,-0.3455091047876234,-0.2487357399091588,0.23507528542815498,2024-11-16
287,22:25.6,28.60000038,41.33,5.9,-0.3455091047876234,-0.22123429865618557,0.23507528542815498,2024-11-16
288,22:26.6,28.60000038,41.33,5.9,-0.3455091047876234,-0.22123429865618557,0.23507528542815498,2024-11-16
289,22:27.6,28.60000038,41.22,5.9,-0.3455091047876234,-0.2644508491965717,0.23507528542815498,2024-11-16
290,22:28.6,28.60000038,41.35,5.91,-0.3455091047876234,-0.21337674401247775,0.26467776223415795,2024-11-16
291,22:29.6,28.60000038,41.35,5.91,-0.3455091047876234,-0.21337674401247775,0.26467776223415795,2024-11-16
292,22:30.6,28.60000038,41.39,5.91,-0.3455091047876234,-0.19766163472506487,0.26467776223415795,2024-11-16
293,22:31.6,28.60000038,41.28,5.93,-0.3455091047876234,-0.24087818526545096,0.3238827158461639,2024-11-16
294,22:32.6,28.60000038,41.28,5.93,-0.3455091047876234,-0.24087818526545096,0.3238827158461639,2024-11-16
295,22:33.7,28.60000038,41.25,5.93,-0.3455091047876234,-0.2526645172310113,0.3238827158461639,2024-11-16
296,22:34.7,28.60000038,41.33,5.92,-0.3455091047876234,-0.22123429865618557,0.29428023904016093,2024-11-16
297,22:35.7,28.60000038,41.18,5.93,-0.3455091047876234,-0.2801659584839845,0.3238827158461639,2024-11-16
298,22:36.7,28.60000038,41.07,5.94,-0.3455091047876234,-0.32338250902437066,0.35348519265216954,2024-11-16
299,22:37.7,28.60000038,41.07,5.94,-0.3455091047876234,-0.32338250902437066,0.35348519265216954,2024-11-16
300,22:38.7,28.60000038,41.12,5.95,-0.3455091047876234,-0.30373862241510524,0.3830876694581725,2024-11-16
301,22:39.7,28.60000038,41.13,5.93,-0.3455091047876234,-0.2998098450932499,0.3238827158461639,2024-11-16
302,22:40.7,28.60000038,41.22,5.92,-0.3455091047876234,-0.2644508491965717,0.29428023904016093,2024-11-16
303,22:41.7,28.60000038,41.22,5.92,-0.3455091047876234,-0.2644508491965717,0.29428023904016093,2024-11-16
304,22:42.7,28.60000038,41.32,5.93,-0.3455091047876234,-0.22516307597803809,0.3238827158461639,2024-11-16
305,22:43.7,28.60000038,41.19,5.94,-0.3455091047876234,-0.27623718116213203,0.35348519265216954,2024-11-16
306,22:44.7,28.60000038,41.19,5.94,-0.3455091047876234,-0.27623718116213203,0.35348519265216954,2024-11-16
307,22:45.7,28.60000038,41.15,5.93,-0.3455091047876234,-0.2919522904495449,0.3238827158461639,2024-11-16
308,22:46.7,28.60000038,41.15,5.93,-0.3455091047876234,-0.2919522904495449,0.3238827158461639,2024-11-16
309,22:47.7,28.60000038,41.15,5.93,-0.3455091047876234,-0.2919522904495449,0.3238827158461639,2024-11-16
310,22:48.7,28.60000038,41.03,5.95,-0.3455091047876234,-0.33909761831178353,0.3830876694581725,2024-11-16
311,22:49.8,28.60000038,41.07,5.95,-0.3455091047876234,-0.32338250902437066,0.3830876694581725,2024-11-16
312,22:50.8,28.60000038,41.07,5.95,-0.3455091047876234,-0.32338250902437066,0.3830876694581725,2024-11-16
313,22:51.8,28.60000038,41.06,5.94,-0.3455091047876234,-0.32731128634622314,0.35348519265216954,2024-11-16
314,22:52.8,28.60000038,41.12,5.95,-0.3455091047876234,-0.30373862241510524,0.3830876694581725,2024-11-16
315,22:53.8,28.60000038,41.12,5.95,-0.3455091047876234,-0.30373862241510524,0.3830876694581725,2024-11-16
316,22:54.8,28.60000038,41.0,5.98,-0.3455091047876234,-0.35088395027734387,0.4718950998761841,2024-11-16
317,22:55.8,28.60000038,41.0,5.98,-0.3455091047876234,-0.35088395027734387,0.4718950998761841,2024-11-16
318,22:56.9,28.60000038,41.03,5.98,-0.3455091047876234,-0.33909761831178353,0.4718950998761841,2024-11-16
319,22:57.9,28.60000038,40.93,5.98,-0.3455091047876234,-0.3783853915303171,0.4718950998761841,2024-11-16
320,22:58.9,28.60000038,40.93,5.98,-0.3455091047876234,-0.3783853915303171,0.4718950998761841,2024-11-16
321,22:59.9,28.60000038,40.96,5.98,-0.3455091047876234,-0.36659905956475675,0.4718950998761841,2024-11-16
322,23:00.9,28.60000038,41.0,5.96,-0.3455091047876234,-0.35088395027734387,0.4126901462641755,2024-11-16
323,23:01.9,28.60000038,41.0,5.96,-0.3455091047876234,-0.35088395027734387,0.4126901462641755,2024-11-16
324,23:02.9,28.60000038,40.88,5.98,-0.3455091047876234,-0.3980292781395825,0.4718950998761841,2024-11-16
325,23:03.9,28.60000038,40.98,5.98,-0.3455091047876234,-0.35874150492105167,0.4718950998761841,2024-11-16
326,23:04.9,28.60000038,40.83,5.99,-0.3455091047876234,-0.41767316474885063,0.5014975766821871,2024-11-16
327,23:05.9,28.60000038,40.83,5.99,-0.3455091047876234,-0.41767316474885063,0.5014975766821871,2024-11-16
328,23:06.9,28.60000038,40.89,5.99,-0.3455091047876234,-0.39410050081772996,0.5014975766821871,2024-11-16
329,23:07.9,28.60000038,40.93,5.99,-0.3455091047876234,-0.3783853915303171,0.5014975766821871,2024-11-16
330,23:08.9,28.60000038,40.93,5.99,-0.3455091047876234,-0.3783853915303171,0.5014975766821871,2024-11-16
331,23:09.9,28.60000038,40.65,6.0,-0.3455091047876234,-0.48839115654221,0.53110005348819,2024-11-16
332,23:10.9,28.60000038,40.86,6.0,-0.3455091047876234,-0.4058868327832903,0.53110005348819,2024-11-16
333,23:11.9,28.60000038,40.84,6.01,-0.3455091047876234,-0.4137443874269953,0.560702530294193,2024-11-16
334,23:12.9,28.5,40.83,6.02,-0.6251106851774022,-0.41767316474885063,0.5903050071001961,2024-11-16
335,23:13.9,28.60000038,40.72,6.03,-0.3455091047876234,-0.4608897152892368,0.6199074839062017,2024-11-16
336,23:14.9,28.60000038,40.75,6.02,-0.3455091047876234,-0.4491033833236764,0.5903050071001961,2024-11-16
337,23:15.9,28.60000038,40.56,6.04,-0.3455091047876234,-0.5237501524388882,0.6495099607122046,2024-11-16
338,23:16.9,28.60000038,40.83,6.03,-0.3455091047876234,-0.41767316474885063,0.6199074839062017,2024-11-16
339,23:17.9,28.60000038,40.81,6.03,-0.3455091047876234,-0.4255307193925557,0.6199074839062017,2024-11-16
340,23:19.0,28.60000038,40.79,6.04,-0.3455091047876234,-0.4333882740362635,0.6495099607122046,2024-11-16
341,23:20.0,28.5,40.73,6.05,-0.6251106851774022,-0.45696093796738424,0.6791124375182076,2024-11-16
342,23:21.0,28.5,40.6,6.04,-0.6251106851774022,-0.5080350431514754,0.6495099607122046,2024-11-16
343,23:22.0,28.60000038,40.58,6.04,-0.3455091047876234,-0.5158925977951831,0.6495099607122046,2024-11-16
344,23:23.0,28.5,40.62,6.04,-0.6251106851774022,-0.5001774885077703,0.6495099607122046,2024-11-16
345,23:24.0,28.5,40.62,6.05,-0.6251106851774022,-0.5001774885077703,0.6791124375182076,2024-11-16
346,23:25.1,28.60000038,40.62,6.03,-0.3455091047876234,-0.5001774885077703,0.6199074839062017,2024-11-16
347,23:26.1,28.5,40.6,6.02,-0.6251106851774022,-0.5080350431514754,0.5903050071001961,2024-11-16
348,23:27.1,28.5,40.53,6.04,-0.6251106851774022,-0.5355364844044486,0.6495099607122046,2024-11-16
349,23:28.1,28.60000038,40.59,6.04,-0.3455091047876234,-0.5119638204733279,0.6495099607122046,2024-11-16
350,23:29.1,28.5,40.53,6.04,-0.6251106851774022,-0.5355364844044486,0.6495099607122046,2024-11-16
351,23:30.2,28.5,40.54,6.05,-0.6251106851774022,-0.5316077070825961,0.6791124375182076,2024-11-16
352,23:31.2,28.5,40.47,6.06,-0.6251106851774022,-0.5591091483355692,0.7087149143242105,2024-11-16
353,23:32.2,28.5,40.48,6.07,-0.6251106851774022,-0.5551803710137168,0.7383173911302162,2024-11-16
354,23:33.2,28.5,40.55,6.07,-0.6251106851774022,-0.5276789297607436,0.7383173911302162,2024-11-16
355,23:34.2,28.5,40.55,6.07,-0.6251106851774022,-0.5276789297607436,0.7383173911302162,2024-11-16
356,23:35.2,28.5,40.51,6.07,-0.6251106851774022,-0.5433940390481564,0.7383173911302162,2024-11-16
357,23:36.2,28.5,40.38,6.08,-0.6251106851774022,-0.5944681442322476,0.7679198679362191,2024-11-16
358,23:37.2,28.5,40.38,6.08,-0.6251106851774022,-0.5944681442322476,0.7679198679362191,2024-11-16
359,23:38.2,28.5,40.51,6.07,-0.6251106851774022,-0.5433940390481564,0.7383173911302162,2024-11-16
360,23:39.2,28.5,40.64,6.08,-0.6251106851774022,-0.4923199338640625,0.7679198679362191,2024-11-16
361,23:40.3,28.5,40.64,6.08,-0.6251106851774022,-0.4923199338640625,0.7679198679362191,2024-11-16
362,23:41.3,28.5,40.59,6.09,-0.6251106851774022,-0.5119638204733279,0.7975223447422222,2024-11-16
363,23:42.3,28.5,40.49,6.07,-0.6251106851774022,-0.5512515936918615,0.7383173911302162,2024-11-16
364,23:43.3,28.5,40.4,6.12,-0.6251106851774022,-0.5866105895885425,0.8863297751602337,2024-11-16
365,23:44.3,28.5,40.4,6.12,-0.6251106851774022,-0.5866105895885425,0.8863297751602337,2024-11-16
366,23:45.3,28.5,40.55,6.1,-0.6251106851774022,-0.5276789297607436,0.8271248215482251,2024-11-16
367,23:46.3,28.5,40.42,6.07,-0.6251106851774022,-0.5787530349448347,0.7383173911302162,2024-11-16
368,23:47.3,28.5,40.42,6.07,-0.6251106851774022,-0.5787530349448347,0.7383173911302162,2024-11-16
369,23:48.3,28.5,40.43,6.07,-0.6251106851774022,-0.5748242576229822,0.7383173911302162,2024-11-16
370,23:49.3,28.5,40.36,6.06,-0.6251106851774022,-0.6023256988759554,0.7087149143242105,2024-11-16
371,23:50.3,28.5,40.36,6.06,-0.6251106851774022,-0.6023256988759554,0.7087149143242105,2024-11-16
372,23:51.3,28.5,40.28,6.05,-0.6251106851774022,-0.6337559174507811,0.6791124375182076,2024-11-16
373,23:52.3,28.5,40.4,6.04,-0.6251106851774022,-0.5866105895885425,0.6495099607122046,2024-11-16
374,23:53.3,28.5,40.51,6.05,-0.6251106851774022,-0.5433940390481564,0.6791124375182076,2024-11-16
375,23:54.3,28.5,40.19,6.06,-0.6251106851774022,-0.6691149133474622,0.7087149143242105,2024-11-16
376,23:55.3,28.5,40.19,6.06,-0.6251106851774022,-0.6691149133474622,0.7087149143242105,2024-11-16
377,23:56.3,28.5,40.25,6.06,-0.6251106851774022,-0.6455422494163415,0.7087149143242105,2024-11-16
378,23:57.3,28.5,40.39,6.04,-0.6251106851774022,-0.590539366910395,0.6495099607122046,2024-11-16
379,23:58.3,28.5,40.36,6.04,-0.6251106851774022,-0.6023256988759554,0.6495099607122046,2024-11-16
380,23:59.3,28.5,40.36,6.04,-0.6251106851774022,-0.6023256988759554,0.6495099607122046,2024-11-16
381,24:00.3,28.5,40.28,6.03,-0.6251106851774022,-0.6337559174507811,0.6199074839062017,2024-11-16
382,24:01.3,28.5,40.2,6.05,-0.6251106851774022,-0.6651861360256068,0.6791124375182076,2024-11-16
383,24:02.3,28.5,40.2,6.05,-0.6251106851774022,-0.6651861360256068,0.6791124375182076,2024-11-16
384,24:03.3,28.5,40.16,6.04,-0.6251106851774022,-0.6809012453130225,0.6495099607122046,2024-11-16
385,24:04.3,28.5,40.08,6.04,-0.6251106851774022,-0.7123314638878483,0.6495099607122046,2024-11-16
386,24:05.3,28.5,40.17,6.05,-0.6251106851774022,-0.6769724679911673,0.6791124375182076,2024-11-16
387,24:06.3,28.5,40.17,6.05,-0.6251106851774022,-0.6769724679911673,0.6791124375182076,2024-11-16
388,24:07.3,28.5,40.07,6.06,-0.6251106851774022,-0.7162602412097008,0.7087149143242105,2024-11-16
389,24:08.3,28.5,40.24,6.05,-0.6251106851774022,-0.649471026738194,0.6791124375182076,2024-11-16
390,24:09.3,28.5,40.24,6.05,-0.6251106851774022,-0.649471026738194,0.6791124375182076,2024-11-16
391,24:10.3,28.5,40.05,6.05,-0.6251106851774022,-0.7241177958534086,0.6791124375182076,2024-11-16
392,24:11.3,28.5,40.06,6.05,-0.6251106851774022,-0.7201890185315534,0.6791124375182076,2024-11-16
393,24:12.3,28.5,40.05,6.07,-0.6251106851774022,-0.7241177958534086,0.7383173911302162,2024-11-16
394,24:13.3,28.5,40.05,6.07,-0.6251106851774022,-0.7241177958534086,0.7383173911302162,2024-11-16
395,24:14.3,28.5,39.97,6.07,-0.6251106851774022,-0.7555480144282344,0.7383173911302162,2024-11-16
396,24:15.3,28.5,40.0,6.07,-0.6251106851774022,-0.743761682462674,0.7383173911302162,2024-11-16
397,24:16.3,28.5,39.98,6.07,-0.6251106851774022,-0.7516192371063819,0.7383173911302162,2024-11-16
398,24:17.3,28.5,39.98,6.07,-0.6251106851774022,-0.7516192371063819,0.7383173911302162,2024-11-16
399,24:18.3,28.5,40.04,6.07,-0.6251106851774022,-0.7280465731752611,0.7383173911302162,2024-11-16
400,24:19.3,28.5,39.98,6.06,-0.6251106851774022,-0.7516192371063819,0.7087149143242105,2024-11-16
401,24:20.3,28.5,39.98,6.06,-0.6251106851774022,-0.7516192371063819,0.7087149143242105,2024-11-16
402,24:21.3,28.5,39.98,6.07,-0.6251106851774022,-0.7516192371063819,0.7383173911302162,2024-11-16
403,24:22.3,28.5,39.9,6.07,-0.6251106851774022,-0.7830494556812077,0.7383173911302162,2024-11-16
404,24:23.3,28.5,39.9,6.07,-0.6251106851774022,-0.7830494556812077,0.7383173911302162,2024-11-16
405,24:24.3,28.5,39.94,6.06,-0.6251106851774022,-0.7673343463937947,0.7087149143242105,2024-11-16
406,24:25.3,28.39999962,39.97,6.05,-0.904712265567181,-0.7555480144282344,0.6791124375182076,2024-11-16
407,24:26.3,28.39999962,39.97,6.05,-0.904712265567181,-0.7555480144282344,0.6791124375182076,2024-11-16
408,24:27.3,28.5,39.83,6.06,-0.6251106851774022,-0.8105508969341808,0.7087149143242105,2024-11-16
409,24:28.4,28.5,39.89,6.06,-0.6251106851774022,-0.7869782330030601,0.7087149143242105,2024-11-16
410,24:29.4,28.5,39.89,6.06,-0.6251106851774022,-0.7869782330030601,0.7087149143242105,2024-11-16
411,24:30.4,28.5,39.9,6.06,-0.6251106851774022,-0.7830494556812077,0.7087149143242105,2024-11-16
412,24:31.4,28.39999962,39.73,6.06,-0.904712265567181,-0.8498386701527144,0.7087149143242105,2024-11-16
413,24:32.4,28.39999962,39.73,6.06,-0.904712265567181,-0.8498386701527144,0.7087149143242105,2024-11-16
414,24:33.4,28.5,39.74,6.05,-0.6251106851774022,-0.845909892830859,0.6791124375182076,2024-11-16
415,24:34.4,28.5,39.83,6.04,-0.6251106851774022,-0.8105508969341808,0.6495099607122046,2024-11-16
416,24:35.4,28.39999962,39.66,6.03,-0.904712265567181,-0.8773401114056876,0.6199074839062017,2024-11-16
417,24:36.4,28.39999962,39.66,6.03,-0.904712265567181,-0.8773401114056876,0.6199074839062017,2024-11-16
418,24:37.4,28.39999962,39.69,6.05,-0.904712265567181,-0.8655537794401272,0.6791124375182076,2024-11-16
419,24:38.4,28.5,39.59,6.07,-0.6251106851774022,-0.9048415526586581,0.7383173911302162,2024-11-16
420,24:39.4,28.5,39.59,6.07,-0.6251106851774022,-0.9048415526586581,0.7383173911302162,2024-11-16
421,24:40.4,28.5,39.74,6.05,-0.6251106851774022,-0.845909892830859,0.6791124375182076,2024-11-16
422,24:41.4,28.39999962,39.7,6.06,-0.904712265567181,-0.861625002118272,0.7087149143242105,2024-11-16
423,24:42.4,28.39999962,39.63,6.04,-0.904712265567181,-0.8891264433712451,0.6495099607122046,2024-11-16
424,24:43.4,28.5,39.59,6.06,-0.6251106851774022,-0.9048415526586581,0.7087149143242105,2024-11-16
425,24:44.4,28.5,39.59,6.06,-0.6251106851774022,-0.9048415526586581,0.7087149143242105,2024-11-16
426,24:45.4,28.5,39.62,6.05,-0.6251106851774022,-0.8930552206931005,0.6791124375182076,2024-11-16
427,24:46.4,28.39999962,39.67,6.04,-0.904712265567181,-0.8734113340838323,0.6495099607122046,2024-11-16
428,24:47.5,28.39999962,39.55,6.04,-0.904712265567181,-0.9205566619460738,0.6495099607122046,2024-11-16
429,24:48.4,28.39999962,39.55,6.04,-0.904712265567181,-0.9205566619460738,0.6495099607122046,2024-11-16
430,24:49.5,28.39999962,39.76,6.02,-0.904712265567181,-0.8380523381871541,0.5903050071001961,2024-11-16
431,24:50.5,28.5,39.59,6.03,-0.6251106851774022,-0.9048415526586581,0.6199074839062017,2024-11-16
432,24:51.5,28.5,39.58,6.03,-0.6251106851774022,-0.9087703299805133,0.6199074839062017,2024-11-16
433,24:52.5,28.5,39.58,6.03,-0.6251106851774022,-0.9087703299805133,0.6199074839062017,2024-11-16
434,24:53.5,28.5,39.52,6.02,-0.6251106851774022,-0.9323429939116313,0.5903050071001961,2024-11-16
435,24:54.5,28.5,39.72,6.03,-0.6251106851774022,-0.8537674474745669,0.6199074839062017,2024-11-16
436,24:55.5,28.5,39.56,6.04,-0.6251106851774022,-0.9166278846242184,0.6495099607122046,2024-11-16
437,24:56.5,28.5,39.5,6.04,-0.6251106851774022,-0.9402005485553391,0.6495099607122046,2024-11-16
438,24:57.5,28.5,39.5,6.04,-0.6251106851774022,-0.9402005485553391,0.6495099607122046,2024-11-16
439,24:58.5,28.5,39.44,6.05,-0.6251106851774022,-0.9637732124864599,0.6791124375182076,2024-11-16
440,24:59.5,28.5,39.48,6.05,-0.6251106851774022,-0.9480581031990469,0.6791124375182076,2024-11-16
441,25:00.5,28.5,39.48,6.05,-0.6251106851774022,-0.9480581031990469,0.6791124375182076,2024-11-16
442,25:01.5,28.5,39.53,6.04,-0.6251106851774022,-0.9284142165897787,0.6495099607122046,2024-11-16
443,25:02.5,28.5,39.41,6.04,-0.6251106851774022,-0.9755595444520202,0.6495099607122046,2024-11-16
444,25:03.6,28.5,39.41,6.04,-0.6251106851774022,-0.9755595444520202,0.6495099607122046,2024-11-16
445,25:04.6,28.5,39.43,6.04,-0.6251106851774022,-0.9677019898083123,0.6495099607122046,2024-11-16
446,25:05.6,28.5,39.5,6.03,-0.6251106851774022,-0.9402005485553391,0.6199074839062017,2024-11-16
447,25:06.6,28.5,39.5,6.03,-0.6251106851774022,-0.9402005485553391,0.6199074839062017,2024-11-16
448,25:07.6,28.39999962,39.66,6.03,-0.904712265567181,-0.8773401114056876,0.6199074839062017,2024-11-16
449,25:08.6,28.5,39.43,6.06,-0.6251106851774022,-0.9677019898083123,0.7087149143242105,2024-11-16
450,25:09.6,28.5,39.43,6.06,-0.6251106851774022,-0.9677019898083123,0.7087149143242105,2024-11-16
451,25:10.6,28.5,39.61,6.04,-0.6251106851774022,-0.896983998014953,0.6495099607122046,2024-11-16
452,25:11.6,28.5,39.4,6.06,-0.6251106851774022,-0.9794883217738727,0.7087149143242105,2024-11-16
453,25:12.6,28.5,39.4,6.06,-0.6251106851774022,-0.9794883217738727,0.7087149143242105,2024-11-16
454,25:13.6,28.39999962,39.34,6.06,-0.904712265567181,-1.0030609857049906,0.7087149143242105,2024-11-16
455,25:14.6,28.5,39.4,6.06,-0.6251106851774022,-0.9794883217738727,0.7087149143242105,2024-11-16
456,25:15.6,28.5,39.33,6.08,-0.6251106851774022,-1.0069897630268458,0.7679198679362191,2024-11-16
457,25:16.6,28.5,39.33,6.08,-0.6251106851774022,-1.0069897630268458,0.7679198679362191,2024-11-16
458,25:17.6,28.5,39.32,6.09,-0.6251106851774022,-1.0109185403486984,0.7975223447422222,2024-11-16
459,25:18.6,28.5,39.39,6.09,-0.6251106851774022,-0.9834170990957252,0.7975223447422222,2024-11-16
460,25:19.6,28.5,39.39,6.09,-0.6251106851774022,-0.9834170990957252,0.7975223447422222,2024-11-16
461,25:20.6,28.5,39.3,6.09,-0.6251106851774022,-1.0187760949924063,0.7975223447422222,2024-11-16
462,25:21.6,28.5,39.42,6.09,-0.6251106851774022,-0.9716307671301648,0.7975223447422222,2024-11-16
463,25:22.6,28.5,39.42,6.09,-0.6251106851774022,-0.9716307671301648,0.7975223447422222,2024-11-16
464,25:23.6,28.5,39.29,6.11,-0.6251106851774022,-1.0227048723142589,0.8567272983542308,2024-11-16
465,25:24.6,28.39999962,39.17,6.09,-0.904712265567181,-1.0698502001764973,0.7975223447422222,2024-11-16
466,25:25.7,28.39999962,39.17,6.09,-0.904712265567181,-1.0698502001764973,0.7975223447422222,2024-11-16
467,25:26.7,28.5,39.28,6.11,-0.6251106851774022,-1.0266336496361113,0.8567272983542308,2024-11-16
468,25:27.7,28.5,39.41,6.11,-0.6251106851774022,-0.9755595444520202,0.8567272983542308,2024-11-16
469,25:28.7,28.5,39.41,6.11,-0.6251106851774022,-0.9755595444520202,0.8567272983542308,2024-11-16
470,25:29.7,28.5,39.19,6.14,-0.6251106851774022,-1.0619926455327924,0.9455347287722397,2024-11-16
471,25:30.7,28.5,39.23,6.11,-0.6251106851774022,-1.0462775362453796,0.8567272983542308,2024-11-16
472,25:31.7,28.5,39.13,6.11,-0.6251106851774022,-1.0855653094639102,0.8567272983542308,2024-11-16
473,25:32.7,28.5,39.09,6.1,-0.6251106851774022,-1.1012804187513232,0.8271248215482251,2024-11-16
474,25:33.7,28.5,39.09,6.1,-0.6251106851774022,-1.1012804187513232,0.8271248215482251,2024-11-16
475,25:34.7,28.5,39.1,6.09,-0.6251106851774022,-1.0973516414294706,0.7975223447422222,2024-11-16
476,25:35.7,28.5,39.06,6.09,-0.6251106851774022,-1.1130667507168834,0.7975223447422222,2024-11-16
477,25:36.7,28.5,39.06,6.09,-0.6251106851774022,-1.1130667507168834,0.7975223447422222,2024-11-16
478,25:37.7,28.5,39.06,6.07,-0.6251106851774022,-1.1130667507168834,0.7383173911302162,2024-11-16
479,25:38.7,28.5,39.11,6.1,-0.6251106851774022,-1.093422864107618,0.8271248215482251,2024-11-16
480,25:39.7,28.5,39.05,6.11,-0.6251106851774022,-1.116995528038739,0.8567272983542308,2024-11-16
481,25:40.7,28.5,39.05,6.11,-0.6251106851774022,-1.116995528038739,0.8567272983542308,2024-11-16
482,25:41.7,28.5,38.93,6.09,-0.6251106851774022,-1.1641408559009774,0.7975223447422222,2024-11-16
483,25:42.7,28.5,39.16,6.07,-0.6251106851774022,-1.0737789774983526,0.7383173911302162,2024-11-16
484,25:43.7,28.5,39.16,6.07,-0.6251106851774022,-1.0737789774983526,0.7383173911302162,2024-11-16
485,25:44.7,28.5,38.93,6.06,-0.6251106851774022,-1.1641408559009774,0.7087149143242105,2024-11-16
486,25:45.7,28.5,38.9,6.01,-0.6251106851774022,-1.1759271878665378,0.560702530294193,2024-11-16
487,25:46.7,28.5,38.9,6.01,-0.6251106851774022,-1.1759271878665378,0.560702530294193,2024-11-16
488,25:47.7,28.5,39.14,5.98,-0.6251106851774022,-1.0816365321420578,0.4718950998761841,2024-11-16
489,25:48.7,28.5,38.81,5.98,-0.6251106851774022,-1.211286183763216,0.4718950998761841,2024-11-16
490,25:49.7,28.5,38.77,5.97,-0.6251106851774022,-1.2270012930506289,0.44229262307017847,2024-11-16
491,25:50.7,28.5,38.77,5.97,-0.6251106851774022,-1.2270012930506289,0.44229262307017847,2024-11-16
492,25:51.7,28.5,38.84,5.95,-0.6251106851774022,-1.1994998517976556,0.3830876694581725,2024-11-16
493,25:52.7,28.5,38.79,5.94,-0.6251106851774022,-1.219143738406924,0.35348519265216954,2024-11-16
494,25:53.7,28.5,38.92,5.91,-0.6251106851774022,-1.16806963322283,0.26467776223415795,2024-11-16
495,25:54.7,28.5,38.92,5.91,-0.6251106851774022,-1.16806963322283,0.26467776223415795,2024-11-16
496,25:55.7,28.5,38.9,5.9,-0.6251106851774022,-1.1759271878665378,0.23507528542815498,2024-11-16
497,25:56.7,28.5,38.65,5.86,-0.6251106851774022,-1.2741466209128702,0.11666537820414041,2024-11-16
498,25:57.7,28.5,38.65,5.86,-0.6251106851774022,-1.2741466209128702,0.11666537820414041,2024-11-16
499,25:58.7,28.5,38.79,5.8,-0.6251106851774022,-1.219143738406924,-0.06094948263188273,2024-11-16
500,25:59.7,28.5,38.68,5.72,-0.6251106851774022,-1.26236028894731,-0.29776929707991184,2024-11-16
501,26:00.7,28.5,38.68,5.72,-0.6251106851774022,-1.26236028894731,-0.29776929707991184,2024-11-16
502,26:01.7,28.39999962,38.71,5.67,-0.904712265567181,-1.2505739569817496,-0.4457816811099294,2024-11-16
503,26:02.7,28.39999962,38.56,5.58,-0.904712265567181,-1.3095056168095487,-0.7122039723639615,2024-11-16
504,26:03.7,28.39999962,38.56,5.58,-0.904712265567181,-1.3095056168095487,-0.7122039723639615,2024-11-16
505,26:04.7,28.39999962,38.71,5.52,-0.904712265567181,-1.2505739569817496,-0.8898188331999847,2024-11-16
506,26:05.7,28.39999962,38.64,5.47,-0.904712265567181,-1.2780753982347228,-1.0378312172300022,2024-11-16
507,26:06.7,28.39999962,38.62,5.36,-0.904712265567181,-1.2859329528784307,-1.3634584620960402,2024-11-16
508,26:07.7,28.39999962,38.62,5.36,-0.904712265567181,-1.2859329528784307,-1.3634584620960402,2024-11-16
509,26:08.7,28.39999962,38.66,5.32,-0.904712265567181,-1.2702178435910179,-1.4818683693200547,2024-11-16
510,26:09.7,28.39999962,38.63,5.21,-0.904712265567181,-1.2820041755565754,-1.8074956141860954,2024-11-16
511,26:10.8,28.39999962,38.63,5.21,-0.904712265567181,-1.2820041755565754,-1.8074956141860954,2024-11-16
512,26:11.8,28.39999962,38.61,5.17,-0.904712265567181,-1.2898617302002833,-1.92590552141011,2024-11-16
513,26:12.8,28.39999962,38.61,5.08,-0.904712265567181,-1.2898617302002833,-2.192327812664142,2024-11-16
514,26:13.7,28.39999962,38.61,5.08,-0.904712265567181,-1.2898617302002833,-2.192327812664142,2024-11-16
515,26:14.8,28.39999962,38.54,5.06,-0.904712265567181,-1.3173631714532563,-2.2515327662761506,2024-11-16
516,26:15.8,28.39999962,38.6,4.98,-0.904712265567181,-1.2937905075221356,-2.488352580724177,2024-11-16
517,26:16.8,28.39999962,38.6,4.98,-0.904712265567181,-1.2937905075221356,-2.488352580724177,2024-11-16
518,26:17.8,28.39999962,38.59,4.94,-0.904712265567181,-1.2977192848439882,-2.606762487948192,2024-11-16
519,26:18.8,28.39999962,38.62,4.9,-0.904712265567181,-1.2859329528784307,-2.725172395172206,2024-11-16
520,26:19.8,28.39999962,38.62,4.9,-0.904712265567181,-1.2859329528784307,-2.725172395172206,2024-11-16
521,26:20.8,28.39999962,38.7,4.86,-0.904712265567181,-1.2545027343036022,-2.843582302396221,2024-11-16
522,26:21.8,28.39999962,38.53,4.82,-0.904712265567181,-1.321291948775109,-2.9619922096202354,2024-11-16
523,26:22.8,28.39999962,38.53,4.82,-0.904712265567181,-1.321291948775109,-2.9619922096202354,2024-11-16
